{
  "best_epoch": 0,
  "peak_cpu_memory_MB": 7926.9,
  "peak_gpu_0_memory_MB": 4435,
  "training_duration": "04:50:01",
  "training_start_epoch": 0,
  "training_epochs": 5,
  "epoch": 5,
  "training_em": 0.01227685371351977,
  "training_f1": 0.012523609334064456,
  "training_loss": 5.17732975593248,
  "training_cpu_memory_MB": 7926.9,
  "training_gpu_0_memory_MB": 4435,
  "validation_em": 0.014816047944065257,
  "validation_f1": 0.014816047944065257,
  "validation_loss": 5.305610236220472,
  "best_validation_em": 0.014816047944065257,
  "best_validation_f1": 0.014816047944065257,
  "best_validation_loss": 5.275426509186352
}