{
  "best_epoch": 0,
  "peak_cpu_memory_MB": 6184.056,
  "peak_gpu_0_memory_MB": 1051,
  "training_duration": "00:45:55",
  "training_start_epoch": 0,
  "training_epochs": 0,
  "epoch": 0,
  "training_em": 0.01227685371351977,
  "training_f1": 0.012523609334064456,
  "training_loss": 5.178771107432044,
  "training_cpu_memory_MB": 6184.056,
  "training_gpu_0_memory_MB": 1051,
  "validation_em": 0.014816047944065257,
  "validation_f1": 0.014816047944065257,
  "validation_loss": 5.275426509186352,
  "best_validation_em": 0.014816047944065257,
  "best_validation_f1": 0.014816047944065257,
  "best_validation_loss": 5.275426509186352
}