{
  "best_epoch": 0,
  "peak_cpu_memory_MB": 5120.768,
  "peak_gpu_0_memory_MB": 1426,
  "training_duration": "00:20:46",
  "training_start_epoch": 0,
  "training_epochs": 0,
  "epoch": 0,
  "training_em": 0.1488454274051057,
  "training_f1": 0.1805746968866158,
  "training_loss": 4.413951926388495,
  "training_cpu_memory_MB": 5120.768,
  "training_gpu_0_memory_MB": 1426,
  "validation_em": 0.17963506711409397,
  "validation_f1": 0.20946833053691263,
  "validation_loss": 1954680.2170501119,
  "best_validation_em": 0.17963506711409397,
  "best_validation_f1": 0.20946833053691263,
  "best_validation_loss": 1954680.2170501119
}