{
  "best_epoch": 4,
  "peak_cpu_memory_MB": 7596.024,
  "peak_gpu_0_memory_MB": 4866,
  "training_duration": "01:36:52",
  "training_start_epoch": 0,
  "training_epochs": 4,
  "epoch": 4,
  "training_em": 0.2774226160387738,
  "training_f1": 0.31467098807647587,
  "training_loss": 3.3110651781301543,
  "training_cpu_memory_MB": 7596.024,
  "training_gpu_0_memory_MB": 4866,
  "validation_em": 0.30106963087248323,
  "validation_f1": 0.32701237416107426,
  "validation_loss": 1953644.7863301549,
  "best_validation_em": 0.30106963087248323,
  "best_validation_f1": 0.32701237416107426,
  "best_validation_loss": 1953644.7863301549
}