{
  "best_epoch": 2,
  "peak_cpu_memory_MB": 8210.116,
  "peak_gpu_0_memory_MB": 4601,
  "training_duration": "02:53:30",
  "training_start_epoch": 0,
  "training_epochs": 2,
  "epoch": 2,
  "training_em": 0.2652318284286846,
  "training_f1": 0.30216231036373503,
  "training_loss": 3.340662368190237,
  "training_cpu_memory_MB": 8210.116,
  "training_gpu_0_memory_MB": 4332,
  "validation_em": 0.29016359060402686,
  "validation_f1": 0.3172850251677858,
  "validation_loss": 1968131.4136620152,
  "best_validation_em": 0.29016359060402686,
  "best_validation_f1": 0.3172850251677858,
  "best_validation_loss": 1968131.4136620152
}