{
  "best_epoch": 0,
  "peak_cpu_memory_MB": 6324.636,
  "peak_gpu_0_memory_MB": 1466,
  "training_duration": "00:53:47",
  "training_start_epoch": 0,
  "training_epochs": 0,
  "epoch": 0,
  "training_em": 0.16282824590263814,
  "training_f1": 0.1975082251873527,
  "training_loss": 4.200652032588869,
  "training_cpu_memory_MB": 6324.636,
  "training_gpu_0_memory_MB": 1466,
  "validation_em": 0.21686241610738255,
  "validation_f1": 0.24383494127516775,
  "validation_loss": 1969166.5541727843,
  "best_validation_em": 0.21686241610738255,
  "best_validation_f1": 0.24383494127516775,
  "best_validation_loss": 1969166.5541727843
}