{
  "best_epoch": 2,
  "peak_cpu_memory_MB": 8208.948,
  "peak_gpu_0_memory_MB": 4516,
  "training_duration": "02:36:10",
  "training_start_epoch": 0,
  "training_epochs": 2,
  "epoch": 2,
  "training_em": 0.2599920794492171,
  "training_f1": 0.29731356242003126,
  "training_loss": 3.354572598953669,
  "training_cpu_memory_MB": 8208.948,
  "training_gpu_0_memory_MB": 4450,
  "validation_em": 0.28009647651006714,
  "validation_f1": 0.30553481543624195,
  "validation_loss": 1968131.4262945254,
  "best_validation_em": 0.28009647651006714,
  "best_validation_f1": 0.30553481543624195,
  "best_validation_loss": 1968131.4262945254
}