Epoch	Train EM	Train F1	Dev EM	Dev F1
0	1.6343751903978556	1.6672911716322432	1.9643748959547194	1.9643748959547194
