{
  "best_epoch": 2,
  "peak_cpu_memory_MB": 7492.024,
  "peak_gpu_0_memory_MB": 4115,
  "training_duration": "00:52:52",
  "training_start_epoch": 0,
  "training_epochs": 2,
  "epoch": 2,
  "training_em": 0.08930421007737768,
  "training_f1": 0.09979528422591867,
  "training_loss": 3.1147414303674554,
  "training_cpu_memory_MB": 7492.024,
  "training_gpu_0_memory_MB": 4115,
  "validation_em": 0.06218540268456376,
  "validation_f1": 0.07343854865771807,
  "validation_loss": 28.423491392688614,
  "best_validation_em": 0.06218540268456376,
  "best_validation_f1": 0.07343854865771807,
  "best_validation_loss": 28.423491392688614
}