{
  "best_epoch": 5,
  "peak_cpu_memory_MB": 7493.088,
  "peak_gpu_0_memory_MB": 4115,
  "training_duration": "01:43:18",
  "training_start_epoch": 0,
  "training_epochs": 5,
  "epoch": 5,
  "training_em": 0.11199963443611771,
  "training_f1": 0.12332084323402201,
  "training_loss": 2.8327389431220515,
  "training_cpu_memory_MB": 7493.088,
  "training_gpu_0_memory_MB": 4115,
  "validation_em": 0.08001258389261745,
  "validation_f1": 0.08880767617449661,
  "validation_loss": 30.016753876933347,
  "best_validation_em": 0.08001258389261745,
  "best_validation_f1": 0.08880767617449661,
  "best_validation_loss": 30.016753876933347
}