{
  "best_epoch": 8,
  "peak_cpu_memory_MB": 7493.124,
  "peak_gpu_0_memory_MB": 4182,
  "training_duration": "02:35:51",
  "training_start_epoch": 0,
  "training_epochs": 8,
  "epoch": 8,
  "training_em": 0.1304758423201121,
  "training_f1": 0.1423205690611103,
  "training_loss": 2.7414949497583394,
  "training_cpu_memory_MB": 7493.124,
  "training_gpu_0_memory_MB": 4182,
  "validation_em": 0.09668624161073826,
  "validation_f1": 0.10590604026845632,
  "validation_loss": 31.701508802170586,
  "best_validation_em": 0.09668624161073826,
  "best_validation_f1": 0.10590604026845632,
  "best_validation_loss": 31.701508802170586
}