{
  "best_epoch": 8,
  "peak_cpu_memory_MB": 7493.144,
  "peak_gpu_0_memory_MB": 4182,
  "training_duration": "02:53:13",
  "training_start_epoch": 0,
  "training_epochs": 9,
  "epoch": 9,
  "training_em": 0.13547188204472066,
  "training_f1": 0.14734478766831205,
  "training_loss": 2.6771083478280535,
  "training_cpu_memory_MB": 7493.144,
  "training_gpu_0_memory_MB": 4182,
  "validation_em": 0.09668624161073826,
  "validation_f1": 0.10577600671140935,
  "validation_loss": 32.910437084992715,
  "best_validation_em": 0.09668624161073826,
  "best_validation_f1": 0.10590604026845632,
  "best_validation_loss": 31.701508802170586
}