{
  "best_epoch": 5,
  "peak_cpu_memory_MB": 2890.148,
  "peak_gpu_0_memory_MB": 4307,
  "training_duration": "00:03:50",
  "training_start_epoch": 0,
  "training_epochs": 5,
  "epoch": 5,
  "training_em": 0.0,
  "training_f1": 0.0,
  "training_loss": 11.040505766868591,
  "training_cpu_memory_MB": 2890.148,
  "training_gpu_0_memory_MB": 4307,
  "validation_em": 0.03229565506908607,
  "validation_f1": 0.03246212751789579,
  "validation_loss": 164.78750825006506,
  "best_validation_em": 0.03229565506908607,
  "best_validation_f1": 0.03246212751789579,
  "best_validation_loss": 164.78750825006506
}