{
  "best_epoch": 5,
  "peak_cpu_memory_MB": 2890.96,
  "peak_gpu_0_memory_MB": 4307,
  "training_duration": "00:05:03",
  "training_start_epoch": 0,
  "training_epochs": 7,
  "epoch": 7,
  "training_em": 0.21052631578947367,
  "training_f1": 0.21052631578947367,
  "training_loss": 3.8416316509246826,
  "training_cpu_memory_MB": 2890.96,
  "training_gpu_0_memory_MB": 4306,
  "validation_em": 0.030297985683369402,
  "validation_f1": 0.030519394040286335,
  "validation_loss": 182.9636655757277,
  "best_validation_em": 0.03229565506908607,
  "best_validation_f1": 0.03246212751789579,
  "best_validation_loss": 164.78750825006506
}