{
  "best_epoch": 0,
  "peak_cpu_memory_MB": 2690.456,
  "peak_gpu_0_memory_MB": 1460,
  "training_duration": "00:00:48",
  "training_start_epoch": 0,
  "training_epochs": 0,
  "epoch": 0,
  "training_em": 0.0,
  "training_f1": 0.0,
  "training_loss": 6688.869384765625,
  "training_cpu_memory_MB": 2690.456,
  "training_gpu_0_memory_MB": 1460,
  "validation_em": 0.001331779590477776,
  "validation_f1": 0.001331779590477776,
  "validation_loss": 6642.791745403621,
  "best_validation_em": 0.001331779590477776,
  "best_validation_f1": 0.001331779590477776,
  "best_validation_loss": 6642.791745403621
}