{
  "best_epoch": 1,
  "peak_cpu_memory_MB": 2887.54,
  "peak_gpu_0_memory_MB": 4264,
  "training_duration": "00:01:24",
  "training_start_epoch": 0,
  "training_epochs": 1,
  "epoch": 1,
  "training_em": 0.0,
  "training_f1": 0.0,
  "training_loss": 1894.2314453125,
  "training_cpu_memory_MB": 2887.54,
  "training_gpu_0_memory_MB": 4264,
  "validation_em": 0.002996504078574996,
  "validation_f1": 0.003079740302979857,
  "validation_loss": 2270.728793206803,
  "best_validation_em": 0.002996504078574996,
  "best_validation_f1": 0.003079740302979857,
  "best_validation_loss": 2270.728793206803
}