{
  "best_epoch": 5,
  "peak_cpu_memory_MB": 2890.156,
  "peak_gpu_0_memory_MB": 4307,
  "training_duration": "00:04:27",
  "training_start_epoch": 0,
  "training_epochs": 6,
  "epoch": 6,
  "training_em": 0.0,
  "training_f1": 0.0,
  "training_loss": 12.783931732177734,
  "training_cpu_memory_MB": 2890.156,
  "training_gpu_0_memory_MB": 4306,
  "validation_em": 0.029299150990511072,
  "validation_f1": 0.029520559347428,
  "validation_loss": 180.55085100409553,
  "best_validation_em": 0.03229565506908607,
  "best_validation_f1": 0.03246212751789579,
  "best_validation_loss": 164.78750825006506
}