{
  "best_epoch": 8,
  "peak_cpu_memory_MB": 2891.616,
  "peak_gpu_0_memory_MB": 4307,
  "training_duration": "00:06:16",
  "training_start_epoch": 0,
  "training_epochs": 9,
  "epoch": 9,
  "training_em": 0.0,
  "training_f1": 0.0,
  "training_loss": 11.320555329322815,
  "training_cpu_memory_MB": 2891.616,
  "training_gpu_0_memory_MB": 4306,
  "validation_em": 0.033960379557183284,
  "validation_f1": 0.03404361578158815,
  "validation_loss": 167.07617217161524,
  "best_validation_em": 0.033960379557183284,
  "best_validation_f1": 0.03412685200599301,
  "best_validation_loss": 165.64544260654392
}