{
  "best_epoch": 1,
  "peak_cpu_memory_MB": 7229.692,
  "peak_gpu_0_memory_MB": 4648,
  "training_duration": "00:46:01",
  "training_start_epoch": 0,
  "training_epochs": 2,
  "epoch": 2,
  "training_em": 0.10555657101078414,
  "training_f1": 0.10639782489490038,
  "training_loss": 6642667.340518278,
  "training_cpu_memory_MB": 7229.692,
  "training_gpu_0_memory_MB": 4648,
  "validation_em": 0.12285666722157483,
  "validation_f1": 0.1228849675378725,
  "validation_loss": 6553478.308727034,
  "best_validation_em": 0.12485433660729149,
  "best_validation_f1": 0.12485433660729149,
  "best_validation_loss": 6555118.700951444
}