{
  "best_epoch": 1,
  "peak_cpu_memory_MB": 7246.38,
  "peak_gpu_0_memory_MB": 4061,
  "training_duration": "00:54:36",
  "training_start_epoch": 0,
  "training_epochs": 3,
  "epoch": 3,
  "training_em": 0.1049016023883507,
  "training_f1": 0.10568177664046789,
  "training_loss": 6637757.110960798,
  "training_cpu_memory_MB": 7246.38,
  "training_gpu_0_memory_MB": 4061,
  "validation_em": 0.12452139170967205,
  "validation_f1": 0.12452139170967205,
  "validation_loss": 6556759.119750656,
  "best_validation_em": 0.12468786415848176,
  "best_validation_f1": 0.12468786415848176,
  "best_validation_loss": 6555118.717683727
}