{
  "best_epoch": 1,
  "peak_cpu_memory_MB": 7247.592,
  "peak_gpu_0_memory_MB": 4064,
  "training_duration": "02:12:42",
  "training_start_epoch": 0,
  "training_epochs": 9,
  "epoch": 9,
  "training_em": 0.11749832449887285,
  "training_f1": 0.11842122098336685,
  "training_loss": 6640312.375150313,
  "training_cpu_memory_MB": 7247.592,
  "training_gpu_0_memory_MB": 4063,
  "validation_em": 0.11936074579657066,
  "validation_f1": 0.11944398202097553,
  "validation_loss": 6563320.793799212,
  "best_validation_em": 0.12468786415848176,
  "best_validation_f1": 0.12468786415848176,
  "best_validation_loss": 6555118.717683727
}