{
  "best_epoch": 1,
  "peak_cpu_memory_MB": 7230.428,
  "peak_gpu_0_memory_MB": 4672,
  "training_duration": "01:57:14",
  "training_start_epoch": 0,
  "training_epochs": 7,
  "epoch": 7,
  "training_em": 0.1137817583622738,
  "training_f1": 0.11476558216048253,
  "training_loss": 6638308.221109909,
  "training_cpu_memory_MB": 7230.428,
  "training_gpu_0_memory_MB": 4256,
  "validation_em": 0.1218578325287165,
  "validation_f1": 0.12199766938571667,
  "validation_loss": 6546916.585958005,
  "best_validation_em": 0.12485433660729149,
  "best_validation_f1": 0.12485433660729149,
  "best_validation_loss": 6555118.700951444
}