{
  "best_epoch": 1,
  "peak_cpu_memory_MB": 7230.356,
  "peak_gpu_0_memory_MB": 4672,
  "training_duration": "01:43:17",
  "training_start_epoch": 0,
  "training_epochs": 6,
  "epoch": 6,
  "training_em": 0.1125936757448364,
  "training_f1": 0.11343843294949126,
  "training_loss": 6638408.438221501,
  "training_cpu_memory_MB": 7230.356,
  "training_gpu_0_memory_MB": 4255,
  "validation_em": 0.123356084568004,
  "validation_f1": 0.123356084568004,
  "validation_loss": 6548557.029035433,
  "best_validation_em": 0.12485433660729149,
  "best_validation_f1": 0.12485433660729149,
  "best_validation_loss": 6555118.700951444
}