{
  "best_epoch": 1,
  "peak_cpu_memory_MB": 7226.664,
  "peak_gpu_0_memory_MB": 4635,
  "training_duration": "00:31:29",
  "training_start_epoch": 0,
  "training_epochs": 1,
  "epoch": 1,
  "training_em": 0.1040029245110583,
  "training_f1": 0.10484448303174315,
  "training_loss": 6638208.0753667625,
  "training_cpu_memory_MB": 7226.664,
  "training_gpu_0_memory_MB": 4635,
  "validation_em": 0.12485433660729149,
  "validation_f1": 0.12485433660729149,
  "validation_loss": 6555118.700951444,
  "best_validation_em": 0.12485433660729149,
  "best_validation_f1": 0.12485433660729149,
  "best_validation_loss": 6555118.700951444
}