{
  "best_epoch": 1,
  "peak_cpu_memory_MB": 7246.38,
  "peak_gpu_0_memory_MB": 4061,
  "training_duration": "01:07:40",
  "training_start_epoch": 0,
  "training_epochs": 4,
  "epoch": 4,
  "training_em": 0.10761286784865655,
  "training_f1": 0.10841208188630962,
  "training_loss": 6640963.774170274,
  "training_cpu_memory_MB": 7246.38,
  "training_gpu_0_memory_MB": 4061,
  "validation_em": 0.1226901947727651,
  "validation_f1": 0.12277343099716997,
  "validation_loss": 6556759.125328084,
  "best_validation_em": 0.12468786415848176,
  "best_validation_f1": 0.12468786415848176,
  "best_validation_loss": 6555118.717683727
}