{
  "best_epoch": 1,
  "peak_cpu_memory_MB": 7230.024,
  "peak_gpu_0_memory_MB": 4648,
  "training_duration": "01:00:33",
  "training_start_epoch": 0,
  "training_epochs": 3,
  "epoch": 3,
  "training_em": 0.10578504843721441,
  "training_f1": 0.10657816974349602,
  "training_loss": 6637757.108796297,
  "training_cpu_memory_MB": 7230.024,
  "training_gpu_0_memory_MB": 4632,
  "validation_em": 0.123356084568004,
  "validation_f1": 0.123356084568004,
  "validation_loss": 6556759.110728347,
  "best_validation_em": 0.12485433660729149,
  "best_validation_f1": 0.12485433660729149,
  "best_validation_loss": 6555118.700951444
}