{
  "best_epoch": 1,
  "peak_cpu_memory_MB": 7245.816,
  "peak_gpu_0_memory_MB": 4061,
  "training_duration": "00:41:32",
  "training_start_epoch": 0,
  "training_epochs": 2,
  "epoch": 2,
  "training_em": 0.10583074392250046,
  "training_f1": 0.10668311704136964,
  "training_loss": 6642667.3419612795,
  "training_cpu_memory_MB": 7245.816,
  "training_gpu_0_memory_MB": 4061,
  "validation_em": 0.12435491926086233,
  "validation_f1": 0.12435491926086233,
  "validation_loss": 6553478.310695538,
  "best_validation_em": 0.12468786415848176,
  "best_validation_f1": 0.12468786415848176,
  "best_validation_loss": 6555118.717683727
}