{
  "best_epoch": 1,
  "peak_cpu_memory_MB": 7247.576,
  "peak_gpu_0_memory_MB": 4064,
  "training_duration": "01:46:44",
  "training_start_epoch": 0,
  "training_epochs": 7,
  "epoch": 7,
  "training_em": 0.11344665813684275,
  "training_f1": 0.11434685919697803,
  "training_loss": 6638308.223364598,
  "training_cpu_memory_MB": 7247.576,
  "training_gpu_0_memory_MB": 4063,
  "validation_em": 0.12085899783585817,
  "validation_f1": 0.12085899783585817,
  "validation_loss": 6546916.575459317,
  "best_validation_em": 0.12468786415848176,
  "best_validation_f1": 0.12468786415848176,
  "best_validation_loss": 6555118.717683727
}