{
  "best_epoch": 1,
  "peak_cpu_memory_MB": 7243.048,
  "peak_gpu_0_memory_MB": 4061,
  "training_duration": "00:28:28",
  "training_start_epoch": 0,
  "training_epochs": 1,
  "epoch": 1,
  "training_em": 0.10316517394748066,
  "training_f1": 0.10391579845244624,
  "training_loss": 6638208.076388889,
  "training_cpu_memory_MB": 7243.048,
  "training_gpu_0_memory_MB": 4061,
  "validation_em": 0.12468786415848176,
  "validation_f1": 0.12468786415848176,
  "validation_loss": 6555118.717683727,
  "best_validation_em": 0.12468786415848176,
  "best_validation_f1": 0.12468786415848176,
  "best_validation_loss": 6555118.717683727
}