{
  "best_epoch": 1,
  "peak_cpu_memory_MB": 7230.024,
  "peak_gpu_0_memory_MB": 4656,
  "training_duration": "01:15:07",
  "training_start_epoch": 0,
  "training_epochs": 4,
  "epoch": 4,
  "training_em": 0.10887710960823738,
  "training_f1": 0.10967282032535183,
  "training_loss": 6640963.768398268,
  "training_cpu_memory_MB": 7230.024,
  "training_gpu_0_memory_MB": 4656,
  "validation_em": 0.123356084568004,
  "validation_f1": 0.123356084568004,
  "validation_loss": 6556759.117782152,
  "best_validation_em": 0.12485433660729149,
  "best_validation_f1": 0.12485433660729149,
  "best_validation_loss": 6555118.700951444
}