{
  "best_epoch": 1,
  "peak_cpu_memory_MB": 7230.436,
  "peak_gpu_0_memory_MB": 4672,
  "training_duration": "02:11:09",
  "training_start_epoch": 0,
  "training_epochs": 8,
  "epoch": 8,
  "training_em": 0.11422348138670566,
  "training_f1": 0.11513419240845672,
  "training_loss": 6639210.087181337,
  "training_cpu_memory_MB": 7230.436,
  "training_gpu_0_memory_MB": 4255,
  "validation_em": 0.12069252538704844,
  "validation_f1": 0.12069252538704844,
  "validation_loss": 6563320.802821523,
  "best_validation_em": 0.12485433660729149,
  "best_validation_f1": 0.12485433660729149,
  "best_validation_loss": 6555118.700951444
}