{
  "best_epoch": 1,
  "peak_cpu_memory_MB": 7230.184,
  "peak_gpu_0_memory_MB": 4672,
  "training_duration": "01:29:15",
  "training_start_epoch": 0,
  "training_epochs": 5,
  "epoch": 5,
  "training_em": 0.10922744166209712,
  "training_f1": 0.11004721866812892,
  "training_loss": 6634800.954415659,
  "training_cpu_memory_MB": 7230.184,
  "training_gpu_0_memory_MB": 4672,
  "validation_em": 0.12285666722157483,
  "validation_f1": 0.12285666722157483,
  "validation_loss": 6550197.423990875,
  "best_validation_em": 0.12485433660729149,
  "best_validation_f1": 0.12485433660729149,
  "best_validation_loss": 6555118.700951444
}