{
  "best_epoch": 0,
  "peak_cpu_memory_MB": 5300.512,
  "peak_gpu_0_memory_MB": 1350,
  "training_duration": "00:16:52",
  "training_start_epoch": 0,
  "training_epochs": 0,
  "epoch": 0,
  "training_em": 0.09457442271370255,
  "training_f1": 0.09531210016450374,
  "training_loss": 6635602.693121693,
  "training_cpu_memory_MB": 5300.512,
  "training_gpu_0_memory_MB": 1350,
  "validation_em": 0.12285666722157483,
  "validation_f1": 0.12285666722157483,
  "validation_loss": 6541995.373642899,
  "best_validation_em": 0.12285666722157483,
  "best_validation_f1": 0.12285666722157483,
  "best_validation_loss": 6541995.373642899
}