{
  "best_epoch": 1,
  "peak_cpu_memory_MB": 7231.176,
  "peak_gpu_0_memory_MB": 4672,
  "training_duration": "02:25:09",
  "training_start_epoch": 0,
  "training_epochs": 9,
  "epoch": 9,
  "training_em": 0.11836653871930787,
  "training_f1": 0.11918189849509536,
  "training_loss": 6640312.37061087,
  "training_cpu_memory_MB": 7231.176,
  "training_gpu_0_memory_MB": 4256,
  "validation_em": 0.11919427334776095,
  "validation_f1": 0.11919427334776095,
  "validation_loss": 6563320.789206036,
  "best_validation_em": 0.12485433660729149,
  "best_validation_f1": 0.12485433660729149,
  "best_validation_loss": 6555118.700951444
}