{
  "best_epoch": 0,
  "peak_cpu_memory_MB": 5316.748,
  "peak_gpu_0_memory_MB": 756,
  "training_duration": "00:15:21",
  "training_start_epoch": 0,
  "training_epochs": 0,
  "epoch": 0,
  "training_em": 0.09489429111070492,
  "training_f1": 0.09558322671053432,
  "training_loss": 6635602.6869288115,
  "training_cpu_memory_MB": 5316.748,
  "training_gpu_0_memory_MB": 756,
  "validation_em": 0.12318961211919427,
  "validation_f1": 0.12318961211919427,
  "validation_loss": 6541995.377086476,
  "best_validation_em": 0.12318961211919427,
  "best_validation_f1": 0.12318961211919427,
  "best_validation_loss": 6541995.377086476
}