{
  "best_epoch": 0,
  "peak_cpu_memory_MB": 5441.824,
  "peak_gpu_0_memory_MB": 1480,
  "training_duration": "00:20:32",
  "training_start_epoch": 0,
  "training_epochs": 0,
  "epoch": 0,
  "training_em": 0.02025833181015049,
  "training_f1": 0.020630597696947542,
  "training_loss": 2.214821095278683,
  "training_cpu_memory_MB": 5441.824,
  "training_gpu_0_memory_MB": 1480,
  "validation_em": 0.022441275167785234,
  "validation_f1": 0.02251468120805369,
  "validation_loss": 1.1725486945191288,
  "best_validation_em": 0.022441275167785234,
  "best_validation_f1": 0.02251468120805369,
  "best_validation_loss": 1.1725486945191288
}