{
  "best_epoch": 8,
  "peak_cpu_memory_MB": 7494.628,
  "peak_gpu_0_memory_MB": 4120,
  "training_duration": "02:30:34",
  "training_start_epoch": 0,
  "training_epochs": 8,
  "epoch": 8,
  "training_em": 0.33374459270090784,
  "training_f1": 0.37365959909827073,
  "training_loss": 2.9560243336554617,
  "training_cpu_memory_MB": 7494.628,
  "training_gpu_0_memory_MB": 4120,
  "validation_em": 0.3329488255033557,
  "validation_f1": 0.3610580956375846,
  "validation_loss": 1955714.1997690105,
  "best_validation_em": 0.3329488255033557,
  "best_validation_f1": 0.3610580956375846,
  "best_validation_loss": 1955714.1997690105
}