{
  "best_epoch": 6,
  "peak_cpu_memory_MB": 7494.332,
  "peak_gpu_0_memory_MB": 4120,
  "training_duration": "01:57:21",
  "training_start_epoch": 0,
  "training_epochs": 6,
  "epoch": 6,
  "training_em": 0.31446109791019317,
  "training_f1": 0.3527101992323118,
  "training_loss": 3.0873709191004206,
  "training_cpu_memory_MB": 7494.332,
  "training_gpu_0_memory_MB": 4119,
  "validation_em": 0.3209941275167785,
  "validation_f1": 0.346931627516779,
  "validation_loss": 1954679.481156548,
  "best_validation_em": 0.3209941275167785,
  "best_validation_f1": 0.346931627516779,
  "best_validation_loss": 1954679.481156548
}