{
  "best_epoch": 7,
  "peak_cpu_memory_MB": 7494.484,
  "peak_gpu_0_memory_MB": 4120,
  "training_duration": "02:13:53",
  "training_start_epoch": 0,
  "training_epochs": 7,
  "epoch": 7,
  "training_em": 0.3253518552367026,
  "training_f1": 0.3649474501919177,
  "training_loss": 3.0178767384073377,
  "training_cpu_memory_MB": 7494.484,
  "training_gpu_0_memory_MB": 4119,
  "validation_em": 0.32728607382550334,
  "validation_f1": 0.35464240771812133,
  "validation_loss": 1953644.684664188,
  "best_validation_em": 0.32728607382550334,
  "best_validation_f1": 0.35464240771812133,
  "best_validation_loss": 1953644.684664188
}