{
  "best_epoch": 0,
  "peak_cpu_memory_MB": 7247.564,
  "peak_gpu_0_memory_MB": 4144,
  "training_duration": "01:36:43",
  "training_start_epoch": 0,
  "training_epochs": 6,
  "epoch": 6,
  "training_em": 0.01227685371351977,
  "training_f1": 0.012523609334064456,
  "training_loss": 5.175045675379029,
  "training_cpu_memory_MB": 7247.564,
  "training_gpu_0_memory_MB": 4144,
  "validation_em": 0.014816047944065257,
  "validation_f1": 0.014816047944065257,
  "validation_loss": 5.272637795275591,
  "best_validation_em": 0.014816047944065257,
  "best_validation_f1": 0.014816047944065257,
  "best_validation_loss": 5.317913385826771
}