{
  "best_epoch": 0,
  "peak_cpu_memory_MB": 7243.38,
  "peak_gpu_0_memory_MB": 4141,
  "training_duration": "00:29:22",
  "training_start_epoch": 0,
  "training_epochs": 1,
  "epoch": 1,
  "training_em": 0.01227685371351977,
  "training_f1": 0.012523609334064456,
  "training_loss": 5.169810732008603,
  "training_cpu_memory_MB": 7243.38,
  "training_gpu_0_memory_MB": 4141,
  "validation_em": 0.014816047944065257,
  "validation_f1": 0.014816047944065257,
  "validation_loss": 5.289206036745407,
  "best_validation_em": 0.014816047944065257,
  "best_validation_f1": 0.014816047944065257,
  "best_validation_loss": 5.317913385826771
}