{
  "best_epoch": 0,
  "peak_cpu_memory_MB": 7247.252,
  "peak_gpu_0_memory_MB": 4144,
  "training_duration": "01:23:18",
  "training_start_epoch": 0,
  "training_epochs": 5,
  "epoch": 5,
  "training_em": 0.01227685371351977,
  "training_f1": 0.012523609334064456,
  "training_loss": 5.171473248560249,
  "training_cpu_memory_MB": 7247.252,
  "training_gpu_0_memory_MB": 4143,
  "validation_em": 0.014816047944065257,
  "validation_f1": 0.014816047944065257,
  "validation_loss": 5.303477690288714,
  "best_validation_em": 0.014816047944065257,
  "best_validation_f1": 0.014816047944065257,
  "best_validation_loss": 5.317913385826771
}