{
  "best_epoch": 0,
  "peak_cpu_memory_MB": 5315.94,
  "peak_gpu_0_memory_MB": 835,
  "training_duration": "00:15:46",
  "training_start_epoch": 0,
  "training_epochs": 0,
  "epoch": 0,
  "training_em": 0.01227685371351977,
  "training_f1": 0.012523609334064456,
  "training_loss": 5.172769232376686,
  "training_cpu_memory_MB": 5315.94,
  "training_gpu_0_memory_MB": 835,
  "validation_em": 0.014816047944065257,
  "validation_f1": 0.014816047944065257,
  "validation_loss": 5.317913385826771,
  "best_validation_em": 0.014816047944065257,
  "best_validation_f1": 0.014816047944065257,
  "best_validation_loss": 5.317913385826771
}