{
  "best_epoch": 59,
  "best_validation_em": 0.5063968120805369,
  "best_validation_f1": 0.5372105704697988,
  "best_validation_loss": 1572849.7556112546,
  "peak_cpu_memory_MB": 9785.808,
  "peak_gpu_0_memory_MB": 9947,
  "peak_gpu_1_memory_MB": 9679,
  "training_duration": "04:03:37",
  "training_start_epoch": 61,
  "training_epochs": 4,
  "epoch": 65,
  "training_em": 0.5660001989455884,
  "training_f1": 0.6125541771468253,
  "training_loss": 1.8010693308963137,
  "training_cpu_memory_MB": 9785.808,
  "training_gpu_0_memory_MB": 9947,
  "training_gpu_1_memory_MB": 9679,
  "validation_em": 0.48835989932885904,
  "validation_f1": 0.5162458053691278,
  "validation_loss": 1573884.7910597783
}