{
  "best_epoch": 37,
  "best_validation_em": 0.4985318791946309,
  "best_validation_f1": 0.5293540268456376,
  "best_validation_loss": 1572849.6038603983,
  "peak_cpu_memory_MB": 6929.528,
  "peak_gpu_0_memory_MB": 1183,
  "peak_gpu_1_memory_MB": 10,
  "training_duration": "00:49:24",
  "training_start_epoch": 40,
  "training_epochs": 0,
  "epoch": 40,
  "training_em": 0.5372809822227906,
  "training_f1": 0.5838926546446579,
  "training_loss": 1.9506225272066957,
  "training_cpu_memory_MB": 6929.528,
  "training_gpu_0_memory_MB": 1183,
  "training_gpu_1_memory_MB": 10,
  "validation_em": 0.028838087248322146,
  "validation_f1": 0.05869442114093948,
  "validation_loss": 1570785.083562633
}