{
  "best_epoch": 49,
  "best_validation_em": 0.5045092281879194,
  "best_validation_f1": 0.5349318372483226,
  "best_validation_loss": 1572849.6825559158,
  "peak_cpu_memory_MB": 9779.368,
  "peak_gpu_0_memory_MB": 9947,
  "peak_gpu_1_memory_MB": 10889,
  "training_duration": "04:05:06",
  "training_start_epoch": 50,
  "training_epochs": 4,
  "epoch": 54,
  "training_em": 0.5497861334924898,
  "training_f1": 0.5970307370933926,
  "training_loss": 1.875092185670976,
  "training_cpu_memory_MB": 9779.368,
  "training_gpu_0_memory_MB": 9947,
  "training_gpu_1_memory_MB": 10889,
  "validation_em": 0.4838506711409396,
  "validation_f1": 0.5134091862416112,
  "validation_loss": 1573884.6736355878
}