{
  "best_epoch": 49,
  "best_validation_em": 0.5045092281879194,
  "best_validation_f1": 0.5349318372483226,
  "best_validation_loss": 1572849.6825559158,
  "peak_cpu_memory_MB": 9779.368,
  "peak_gpu_0_memory_MB": 9947,
  "peak_gpu_1_memory_MB": 10889,
  "training_duration": "07:21:46",
  "training_start_epoch": 50,
  "training_epochs": 8,
  "epoch": 58,
  "training_em": 0.5463898480908329,
  "training_f1": 0.5933636014835538,
  "training_loss": 1.9123523875432402,
  "training_cpu_memory_MB": 9779.368,
  "training_gpu_0_memory_MB": 9947,
  "training_gpu_1_memory_MB": 10889,
  "validation_em": 0.503984899328859,
  "validation_f1": 0.5345595637583894,
  "validation_loss": 1575954.0942648149
}