{
  "best_epoch": 27,
  "best_validation_em": 0.48752097315436244,
  "best_validation_f1": 0.516686241610739,
  "best_validation_loss": 1571814.7976291373,
  "peak_cpu_memory_MB": 9785.284,
  "peak_gpu_0_memory_MB": 9947,
  "peak_gpu_1_memory_MB": 10,
  "training_duration": "03:54:59",
  "training_start_epoch": 28,
  "training_epochs": 4,
  "epoch": 32,
  "training_em": 0.49796080771908885,
  "training_f1": 0.5447962939278852,
  "training_loss": 2.1668962019493367,
  "training_cpu_memory_MB": 9785.284,
  "training_gpu_0_memory_MB": 9947,
  "training_gpu_1_memory_MB": 10,
  "validation_em": 0.48018036912751677,
  "validation_f1": 0.5092890100671144,
  "validation_loss": 1573884.4413708912
}