{
  "best_epoch": 59,
  "best_validation_em": 0.5063968120805369,
  "best_validation_f1": 0.5372105704697988,
  "best_validation_loss": 1572849.7556112546,
  "peak_cpu_memory_MB": 9785.992,
  "peak_gpu_0_memory_MB": 9947,
  "peak_gpu_1_memory_MB": 9679,
  "training_duration": "05:38:32",
  "training_start_epoch": 61,
  "training_epochs": 6,
  "epoch": 67,
  "training_em": 0.5647923150161288,
  "training_f1": 0.6112802148612246,
  "training_loss": 1.8142430832267262,
  "training_cpu_memory_MB": 9785.992,
  "training_gpu_0_memory_MB": 9947,
  "training_gpu_1_memory_MB": 9679,
  "validation_em": 0.5023070469798657,
  "validation_f1": 0.5322881711409398,
  "validation_loss": 1571815.163512322
}