{
  "best_epoch": 59,
  "best_validation_em": 0.5063968120805369,
  "best_validation_f1": 0.5372105704697988,
  "best_validation_loss": 1572849.7556112546,
  "peak_cpu_memory_MB": 9779.368,
  "peak_gpu_0_memory_MB": 9947,
  "peak_gpu_1_memory_MB": 10889,
  "training_duration": "08:10:47",
  "training_start_epoch": 50,
  "training_epochs": 9,
  "epoch": 59,
  "training_em": 0.5438035554418723,
  "training_f1": 0.5904710747324808,
  "training_loss": 1.9353484753832733,
  "training_cpu_memory_MB": 9779.368,
  "training_gpu_0_memory_MB": 9947,
  "training_gpu_1_memory_MB": 10889,
  "validation_em": 0.5063968120805369,
  "validation_f1": 0.5372105704697988,
  "validation_loss": 1572849.7556112546
}