{
  "best_epoch": 59,
  "best_validation_em": 0.5063968120805369,
  "best_validation_f1": 0.5372105704697988,
  "best_validation_loss": 1572849.7556112546,
  "peak_cpu_memory_MB": 6941.116,
  "peak_gpu_0_memory_MB": 1183,
  "peak_gpu_1_memory_MB": 9679,
  "training_duration": "00:51:40",
  "training_start_epoch": 61,
  "training_epochs": 0,
  "epoch": 61,
  "training_em": 0.5779937758451635,
  "training_f1": 0.6241340893265591,
  "training_loss": 1.725662222913169,
  "training_cpu_memory_MB": 6941.116,
  "training_gpu_0_memory_MB": 1183,
  "training_gpu_1_memory_MB": 9679,
  "validation_em": 0.03481543624161074,
  "validation_f1": 0.06254194630872431,
  "validation_loss": 1570785.505318045
}