{
  "best_epoch": 27,
  "best_validation_em": 0.48752097315436244,
  "best_validation_f1": 0.516686241610739,
  "best_validation_loss": 1571814.7976291373,
  "peak_cpu_memory_MB": 9785.284,
  "peak_gpu_0_memory_MB": 9947,
  "peak_gpu_1_memory_MB": 10,
  "training_duration": "02:22:40",
  "training_start_epoch": 28,
  "training_epochs": 2,
  "epoch": 30,
  "training_em": 0.49307243040457005,
  "training_f1": 0.53861761236872,
  "training_loss": 2.1855870062376264,
  "training_cpu_memory_MB": 9785.284,
  "training_gpu_0_memory_MB": 9947,
  "training_gpu_1_memory_MB": 10,
  "validation_em": 0.4110738255033557,
  "validation_f1": 0.4384133808724836,
  "validation_loss": 1573884.7000110608
}