{
  "best_epoch": 59,
  "best_validation_em": 0.5063968120805369,
  "best_validation_f1": 0.5372105704697988,
  "best_validation_loss": 1572849.7556112546,
  "peak_cpu_memory_MB": 9779.368,
  "peak_gpu_0_memory_MB": 9947,
  "peak_gpu_1_memory_MB": 10889,
  "training_duration": "09:00:14",
  "training_start_epoch": 50,
  "training_epochs": 10,
  "epoch": 60,
  "training_em": 0.5393130693041167,
  "training_f1": 0.586164755367967,
  "training_loss": 1.9567685654164966,
  "training_cpu_memory_MB": 9779.368,
  "training_gpu_0_memory_MB": 9947,
  "training_gpu_1_memory_MB": 10889,
  "validation_em": 0.506606543624161,
  "validation_f1": 0.5371298238255034,
  "validation_loss": 1569745.4120517105
}