{
  "best_epoch": 37,
  "best_validation_em": 0.4985318791946309,
  "best_validation_f1": 0.5293540268456376,
  "best_validation_loss": 1572849.6038603983,
  "peak_cpu_memory_MB": 9782.916,
  "peak_gpu_0_memory_MB": 9947,
  "peak_gpu_1_memory_MB": 10,
  "training_duration": "03:06:55",
  "training_start_epoch": 40,
  "training_epochs": 3,
  "epoch": 43,
  "training_em": 0.5285842179306817,
  "training_f1": 0.5761228346904164,
  "training_loss": 1.9885911706693777,
  "training_cpu_memory_MB": 9782.916,
  "training_gpu_0_memory_MB": 9947,
  "training_gpu_1_memory_MB": 10,
  "validation_em": 0.4660234899328859,
  "validation_f1": 0.4948101929530204,
  "validation_loss": 1573884.6741939215
}