{
  "best_epoch": 37,
  "best_validation_em": 0.4985318791946309,
  "best_validation_f1": 0.5293540268456376,
  "best_validation_loss": 1572849.6038603983,
  "peak_cpu_memory_MB": 9783.6,
  "peak_gpu_0_memory_MB": 9947,
  "peak_gpu_1_memory_MB": 10,
  "training_duration": "03:52:49",
  "training_start_epoch": 40,
  "training_epochs": 4,
  "epoch": 44,
  "training_em": 0.5324920777024627,
  "training_f1": 0.5793579741654834,
  "training_loss": 1.990178380581946,
  "training_cpu_memory_MB": 9783.6,
  "training_gpu_0_memory_MB": 9947,
  "training_gpu_1_memory_MB": 10,
  "validation_em": 0.48500419463087246,
  "validation_f1": 0.5140457214765104,
  "validation_loss": 1573884.5870835185
}