{
  "best_epoch": 49,
  "best_validation_em": 0.5045092281879194,
  "best_validation_f1": 0.5349318372483226,
  "best_validation_loss": 1572849.6825559158,
  "peak_cpu_memory_MB": 9783.852,
  "peak_gpu_0_memory_MB": 9947,
  "peak_gpu_1_memory_MB": 10,
  "training_duration": "07:41:35",
  "training_start_epoch": 40,
  "training_epochs": 9,
  "epoch": 49,
  "training_em": 0.5340268008128348,
  "training_f1": 0.5806288101632656,
  "training_loss": 1.986130758133709,
  "training_cpu_memory_MB": 9783.852,
  "training_gpu_0_memory_MB": 9947,
  "training_gpu_1_memory_MB": 10,
  "validation_em": 0.5045092281879194,
  "validation_f1": 0.5349318372483226,
  "validation_loss": 1572849.6825559158
}