{
  "best_epoch": 59,
  "best_validation_em": 0.5063968120805369,
  "best_validation_f1": 0.5372105704697988,
  "best_validation_loss": 1572849.7556112546,
  "peak_cpu_memory_MB": 6941.012,
  "peak_gpu_0_memory_MB": 1183,
  "peak_gpu_1_memory_MB": 9679
}