{
  "best_epoch": 37,
  "best_validation_em": 0.4985318791946309,
  "best_validation_f1": 0.5293540268456376,
  "best_validation_loss": 1572849.6038603983,
  "peak_cpu_memory_MB": 9785.284,
  "peak_gpu_0_memory_MB": 9947,
  "peak_gpu_1_memory_MB": 10,
  "training_duration": "07:46:08",
  "training_start_epoch": 28,
  "training_epochs": 9,
  "epoch": 37,
  "training_em": 0.5129669892427279,
  "training_f1": 0.5589944721547115,
  "training_loss": 2.096680470865779,
  "training_cpu_memory_MB": 9785.284,
  "training_gpu_0_memory_MB": 9947,
  "training_gpu_1_memory_MB": 10,
  "validation_em": 0.4985318791946309,
  "validation_f1": 0.5293540268456376,
  "validation_loss": 1572849.6038603983
}