{
  "best_epoch": 49,
  "best_validation_em": 0.5045092281879194,
  "best_validation_f1": 0.5349318372483226,
  "best_validation_loss": 1572849.6825559158,
  "peak_cpu_memory_MB": 9779.368,
  "peak_gpu_0_memory_MB": 9947,
  "peak_gpu_1_memory_MB": 10,
  "training_duration": "01:36:05",
  "training_start_epoch": 50,
  "training_epochs": 1,
  "epoch": 51,
  "training_em": 0.5526140029273422,
  "training_f1": 0.5984242088360164,
  "training_loss": 1.8547335773746556,
  "training_cpu_memory_MB": 9779.368,
  "training_gpu_0_memory_MB": 9947,
  "training_gpu_1_memory_MB": 10,
  "validation_em": 0.26677852348993286,
  "validation_f1": 0.29250104865771875,
  "validation_loss": 1571816.1129433296
}