{
  "best_epoch": 9,
  "peak_cpu_memory_MB": 8931.688,
  "peak_gpu_0_memory_MB": 12115,
  "peak_gpu_1_memory_MB": 4413,
  "training_duration": "04:50:11",
  "training_start_epoch": 0,
  "training_epochs": 9,
  "epoch": 9,
  "training_em": 0.3634622916576004,
  "training_f1": 0.404846744128691,
  "training_loss": 2.930340699616016,
  "training_cpu_memory_MB": 8931.688,
  "training_gpu_0_memory_MB": 12115,
  "training_gpu_1_memory_MB": 10,
  "validation_em": 0.3724832214765101,
  "validation_f1": 0.39996958892617535,
  "validation_loss": 1937088.2304401728,
  "best_validation_em": 0.3724832214765101,
  "best_validation_f1": 0.39996958892617535,
  "best_validation_loss": 1937088.2304401728
}