{
  "best_epoch": 6,
  "peak_cpu_memory_MB": 8931.344,
  "peak_gpu_0_memory_MB": 12115,
  "peak_gpu_1_memory_MB": 4413,
  "training_duration": "03:23:55",
  "training_start_epoch": 0,
  "training_epochs": 6,
  "epoch": 6,
  "training_em": 0.3159261354570115,
  "training_f1": 0.35393344648011466,
  "training_loss": 3.2077081664215794,
  "training_cpu_memory_MB": 8931.344,
  "training_gpu_0_memory_MB": 12115,
  "training_gpu_1_memory_MB": 10,
  "validation_em": 0.33578020134228187,
  "validation_f1": 0.36141988255033625,
  "validation_loss": 1937088.3965494013,
  "best_validation_em": 0.33578020134228187,
  "best_validation_f1": 0.36141988255033625,
  "best_validation_loss": 1937088.3965494013
}