{
  "best_epoch": 8,
  "peak_cpu_memory_MB": 8931.616,
  "peak_gpu_0_memory_MB": 12115,
  "peak_gpu_1_memory_MB": 4413,
  "training_duration": "04:21:15",
  "training_start_epoch": 0,
  "training_epochs": 8,
  "epoch": 8,
  "training_em": 0.34541682985914673,
  "training_f1": 0.3857627979169327,
  "training_loss": 3.0279729569990375,
  "training_cpu_memory_MB": 8931.616,
  "training_gpu_0_memory_MB": 12115,
  "training_gpu_1_memory_MB": 10,
  "validation_em": 0.3546560402684564,
  "validation_f1": 0.3823626258389271,
  "validation_loss": 1937088.3013200078,
  "best_validation_em": 0.3546560402684564,
  "best_validation_f1": 0.3823626258389271,
  "best_validation_loss": 1937088.3013200078
}