{
  "best_epoch": 5,
  "peak_cpu_memory_MB": 8931.344,
  "peak_gpu_0_memory_MB": 12115,
  "peak_gpu_1_memory_MB": 4413,
  "training_duration": "02:54:59",
  "training_start_epoch": 0,
  "training_epochs": 5,
  "epoch": 5,
  "training_em": 0.29959238144972944,
  "training_f1": 0.33762536808970145,
  "training_loss": 3.3112529617790996,
  "training_cpu_memory_MB": 8931.344,
  "training_gpu_0_memory_MB": 12115,
  "training_gpu_1_memory_MB": 10,
  "validation_em": 0.3182676174496644,
  "validation_f1": 0.3447797818791954,
  "validation_loss": 1938123.2130944037,
  "best_validation_em": 0.3182676174496644,
  "best_validation_f1": 0.3447797818791954,
  "best_validation_loss": 1938123.2130944037
}