{
  "best_epoch": 0,
  "peak_cpu_memory_MB": 6312.896,
  "peak_gpu_0_memory_MB": 641,
  "peak_gpu_1_memory_MB": 10,
  "training_duration": "00:31:12",
  "training_start_epoch": 0,
  "training_epochs": 0,
  "epoch": 0,
  "training_em": 0.13476072355919172,
  "training_f1": 0.16575394925801995,
  "training_loss": 4.75118704536777,
  "training_cpu_memory_MB": 6312.896,
  "training_gpu_0_memory_MB": 641,
  "training_gpu_1_memory_MB": 10,
  "validation_em": 0.18991191275167785,
  "validation_f1": 0.21741610738255032,
  "validation_loss": 1938123.9054909416,
  "best_validation_em": 0.18991191275167785,
  "best_validation_f1": 0.21741610738255032,
  "best_validation_loss": 1938123.9054909416
}