{
  "best_epoch": 1,
  "peak_cpu_memory_MB": 8919.344,
  "peak_gpu_0_memory_MB": 2937,
  "peak_gpu_1_memory_MB": 10,
  "training_duration": "01:00:18",
  "training_start_epoch": 0,
  "training_epochs": 1,
  "epoch": 1,
  "training_em": 0.17491332666057416,
  "training_f1": 0.2068085353293607,
  "training_loss": 4.129814751668092,
  "training_cpu_memory_MB": 8919.344,
  "training_gpu_0_memory_MB": 2937,
  "training_gpu_1_memory_MB": 10,
  "validation_em": 0.2139261744966443,
  "validation_f1": 0.24020029362416123,
  "validation_loss": 1937088.8779918842,
  "best_validation_em": 0.2139261744966443,
  "best_validation_f1": 0.24020029362416123,
  "best_validation_loss": 1937088.8779918842
}