{
  "best_epoch": 7,
  "peak_cpu_memory_MB": 8931.552,
  "peak_gpu_0_memory_MB": 12115,
  "peak_gpu_1_memory_MB": 4413,
  "training_duration": "03:52:34",
  "training_start_epoch": 0,
  "training_epochs": 7,
  "epoch": 7,
  "training_em": 0.33005497773329273,
  "training_f1": 0.36978995314562074,
  "training_loss": 3.1229546823825958,
  "training_cpu_memory_MB": 8931.552,
  "training_gpu_0_memory_MB": 12115,
  "training_gpu_1_memory_MB": 10,
  "validation_em": 0.3455327181208054,
  "validation_f1": 0.37219064597315515,
  "validation_loss": 1938123.1129167217,
  "best_validation_em": 0.3455327181208054,
  "best_validation_f1": 0.37219064597315515,
  "best_validation_loss": 1938123.1129167217
}