{
  "best_epoch": 2,
  "peak_cpu_memory_MB": 8927.504,
  "peak_gpu_0_memory_MB": 8929,
  "peak_gpu_1_memory_MB": 10,
  "training_duration": "01:29:07",
  "training_start_epoch": 0,
  "training_epochs": 2,
  "epoch": 2,
  "training_em": 0.22008500514962936,
  "training_f1": 0.2550199457475671,
  "training_loss": 3.7846685257790234,
  "training_cpu_memory_MB": 8927.504,
  "training_gpu_0_memory_MB": 8929,
  "training_gpu_1_memory_MB": 10,
  "validation_em": 0.24863674496644295,
  "validation_f1": 0.274979026845638,
  "validation_loss": 1937088.6805683153,
  "best_validation_em": 0.24863674496644295,
  "best_validation_f1": 0.274979026845638,
  "best_validation_loss": 1937088.6805683153
}