{
  "best_epoch": 1,
  "peak_cpu_memory_MB": 8921.2,
  "peak_gpu_0_memory_MB": 12111,
  "peak_gpu_1_memory_MB": 4413,
  "training_duration": "01:00:36",
  "training_start_epoch": 0,
  "training_epochs": 1,
  "epoch": 1,
  "training_em": 0.1779450802907002,
  "training_f1": 0.21128784252288524,
  "training_loss": 4.08079402877058,
  "training_cpu_memory_MB": 8921.2,
  "training_gpu_0_memory_MB": 12111,
  "training_gpu_1_memory_MB": 4413,
  "validation_em": 0.22409815436241612,
  "validation_f1": 0.249920302013423,
  "validation_loss": 1937088.8401829214,
  "best_validation_em": 0.22409815436241612,
  "best_validation_f1": 0.249920302013423,
  "best_validation_loss": 1937088.8401829214
}