{
  "best_epoch": 2,
  "peak_cpu_memory_MB": 8927.664,
  "peak_gpu_0_memory_MB": 12115,
  "peak_gpu_1_memory_MB": 4413,
  "training_duration": "01:29:17",
  "training_start_epoch": 0,
  "training_epochs": 2,
  "epoch": 2,
  "training_em": 0.2255102484877497,
  "training_f1": 0.2613671903332021,
  "training_loss": 3.746220033457123,
  "training_cpu_memory_MB": 8927.664,
  "training_gpu_0_memory_MB": 12115,
  "training_gpu_1_memory_MB": 10,
  "validation_em": 0.2468540268456376,
  "validation_f1": 0.2713171140939599,
  "validation_loss": 1937088.6859647587,
  "best_validation_em": 0.2468540268456376,
  "best_validation_f1": 0.2713171140939599,
  "best_validation_loss": 1937088.6859647587
}