{
  "best_epoch": 9,
  "peak_cpu_memory_MB": 8930.372,
  "peak_gpu_0_memory_MB": 8929,
  "peak_gpu_1_memory_MB": 10,
  "training_duration": "04:51:02",
  "training_start_epoch": 0,
  "training_epochs": 9,
  "epoch": 9,
  "training_em": 0.3447350479423241,
  "training_f1": 0.38483847570969953,
  "training_loss": 3.018032411670554,
  "training_cpu_memory_MB": 8930.372,
  "training_gpu_0_memory_MB": 8929,
  "training_gpu_1_memory_MB": 10,
  "validation_em": 0.3430159395973154,
  "validation_f1": 0.3703533976510072,
  "validation_loss": 1937088.3292865169,
  "best_validation_em": 0.3430159395973154,
  "best_validation_f1": 0.3703533976510072,
  "best_validation_loss": 1937088.3292865169
}