{
  "best_epoch": 4,
  "peak_cpu_memory_MB": 8931.224,
  "peak_gpu_0_memory_MB": 12115,
  "peak_gpu_1_memory_MB": 4413,
  "training_duration": "02:26:25",
  "training_start_epoch": 0,
  "training_epochs": 4,
  "epoch": 4,
  "training_em": 0.2788633099786762,
  "training_f1": 0.3165147888651928,
  "training_loss": 3.42956915267061,
  "training_cpu_memory_MB": 8931.224,
  "training_gpu_0_memory_MB": 12115,
  "training_gpu_1_memory_MB": 10,
  "validation_em": 0.3013842281879195,
  "validation_f1": 0.3268928271812086,
  "validation_loss": 1940192.7872796608,
  "best_validation_em": 0.3013842281879195,
  "best_validation_f1": 0.3268928271812086,
  "best_validation_loss": 1940192.7872796608
}