{
  "best_epoch": 3,
  "peak_cpu_memory_MB": 8930.652,
  "peak_gpu_0_memory_MB": 12115,
  "peak_gpu_1_memory_MB": 4413,
  "training_duration": "01:57:49",
  "training_start_epoch": 0,
  "training_epochs": 3,
  "epoch": 3,
  "training_em": 0.2514759853199298,
  "training_f1": 0.2877302464569095,
  "training_loss": 3.5772419146480114,
  "training_cpu_memory_MB": 8930.652,
  "training_gpu_0_memory_MB": 12115,
  "training_gpu_1_memory_MB": 10,
  "validation_em": 0.26625419463087246,
  "validation_f1": 0.2917827181208055,
  "validation_loss": 1936053.8231916807,
  "best_validation_em": 0.26625419463087246,
  "best_validation_f1": 0.2917827181208055,
  "best_validation_loss": 1936053.8231916807
}