{
  "best_epoch": 0,
  "peak_cpu_memory_MB": 6332.844,
  "peak_gpu_0_memory_MB": 653,
  "peak_gpu_1_memory_MB": 10,
  "training_duration": "00:31:39",
  "training_start_epoch": 0,
  "training_epochs": 0,
  "epoch": 0,
  "training_em": 0.13515238551140896,
  "training_f1": 0.16647953928949805,
  "training_loss": 4.748302728197086,
  "training_cpu_memory_MB": 6332.844,
  "training_gpu_0_memory_MB": 653,
  "training_gpu_1_memory_MB": 10,
  "validation_em": 0.18414429530201343,
  "validation_f1": 0.21360004194630886,
  "validation_loss": 1938123.9129666793,
  "best_validation_em": 0.18414429530201343,
  "best_validation_f1": 0.21360004194630886,
  "best_validation_loss": 1938123.9129666793
}