{
  "best_epoch": 8,
  "peak_cpu_memory_MB": 8930.368,
  "peak_gpu_0_memory_MB": 8929,
  "peak_gpu_1_memory_MB": 10,
  "training_duration": "04:22:32",
  "training_start_epoch": 0,
  "training_epochs": 8,
  "epoch": 8,
  "training_em": 0.3298083757633782,
  "training_f1": 0.36954857333506996,
  "training_loss": 3.0978019622504793,
  "training_cpu_memory_MB": 8930.368,
  "training_gpu_0_memory_MB": 8929,
  "training_gpu_1_memory_MB": 10,
  "validation_em": 0.334626677852349,
  "validation_f1": 0.3612709731543629,
  "validation_loss": 1937088.3776640422,
  "best_validation_em": 0.334626677852349,
  "best_validation_f1": 0.3612709731543629,
  "best_validation_loss": 1937088.3776640422
}