{
  "best_epoch": 7,
  "peak_cpu_memory_MB": 8363.696,
  "peak_gpu_0_memory_MB": 4291,
  "training_duration": "07:24:53",
  "training_start_epoch": 0,
  "training_epochs": 7,
  "epoch": 7,
  "training_em": 0.3548363117361958,
  "training_f1": 0.3959818322381082,
  "training_loss": 2.8485190491651147,
  "training_cpu_memory_MB": 8363.696,
  "training_gpu_0_memory_MB": 4291,
  "validation_em": 0.3809773489932886,
  "validation_f1": 0.4074528104026852,
  "validation_loss": 1572849.80679494,
  "best_validation_em": 0.3809773489932886,
  "best_validation_f1": 0.4074528104026852,
  "best_validation_loss": 1572849.80679494
}