{
  "best_epoch": 0,
  "peak_cpu_memory_MB": 6429.592,
  "peak_gpu_0_memory_MB": 1409,
  "training_duration": "00:59:19",
  "training_start_epoch": 0,
  "training_epochs": 0,
  "epoch": 0,
  "training_em": 0.15485712586601647,
  "training_f1": 0.1886548125241607,
  "training_loss": 4.263851102081263,
  "training_cpu_memory_MB": 6429.592,
  "training_gpu_0_memory_MB": 1409,
  "validation_em": 0.20868288590604026,
  "validation_f1": 0.2328523489932884,
  "validation_loss": 1573885.3558598477,
  "best_validation_em": 0.20868288590604026,
  "best_validation_f1": 0.2328523489932884,
  "best_validation_loss": 1573885.3558598477
}