{
  "best_epoch": 0,
  "peak_cpu_memory_MB": 5960.964,
  "peak_gpu_0_memory_MB": 1429,
  "training_duration": "00:59:20",
  "training_start_epoch": 0,
  "training_epochs": 0,
  "epoch": 0,
  "training_em": 0.15748862656477655,
  "training_f1": 0.19245933811067262,
  "training_loss": 4.250935541660013,
  "training_cpu_memory_MB": 5960.964,
  "training_gpu_0_memory_MB": 1429,
  "validation_em": 0.2175964765100671,
  "validation_f1": 0.24416526845637596,
  "validation_loss": 1972270.8759024767,
  "best_validation_em": 0.2175964765100671,
  "best_validation_f1": 0.24416526845637596,
  "best_validation_loss": 1972270.8759024767
}