{
  "best_epoch": 1,
  "peak_cpu_memory_MB": 7931.208,
  "peak_gpu_0_memory_MB": 4809,
  "training_duration": "04:37:43",
  "training_start_epoch": 0,
  "training_epochs": 5,
  "epoch": 5,
  "training_em": 0.015064278315969048,
  "training_f1": 0.01541902760007311,
  "training_loss": 56.33635119365967,
  "training_cpu_memory_MB": 7931.208,
  "training_gpu_0_memory_MB": 4809,
  "validation_em": 0.02014316630597636,
  "validation_f1": 0.020392874979190945,
  "validation_loss": 336.3582677165354,
  "best_validation_em": 0.021974363242883304,
  "best_validation_f1": 0.02198102214083569,
  "best_validation_loss": 339.18073326771656
}