{
  "best_epoch": 6,
  "peak_cpu_memory_MB": 7931.208,
  "peak_gpu_0_memory_MB": 5088,
  "training_duration": "07:23:35",
  "training_start_epoch": 0,
  "training_epochs": 9,
  "epoch": 9,
  "training_em": 0.014988119173825625,
  "training_f1": 0.01535764333150551,
  "training_loss": 56.13263554952433,
  "training_cpu_memory_MB": 7931.208,
  "training_gpu_0_memory_MB": 5088,
  "validation_em": 0.01997669385716664,
  "validation_f1": 0.0200599300815715,
  "validation_loss": 338.9673966535433,
  "best_validation_em": 0.023139670384551357,
  "best_validation_f1": 0.023139670384551357,
  "best_validation_loss": 344.3194307742782
}