{
  "best_epoch": 3,
  "peak_cpu_memory_MB": 7251.388,
  "peak_gpu_0_memory_MB": 4111,
  "training_duration": "02:00:37",
  "training_start_epoch": 0,
  "training_epochs": 8,
  "epoch": 8,
  "training_em": 0.01635898373240724,
  "training_f1": 0.016673825626028146,
  "training_loss": 25.038177939376446,
  "training_cpu_memory_MB": 7251.388,
  "training_gpu_0_memory_MB": 4110,
  "validation_em": 0.023139670384551357,
  "validation_f1": 0.02338937905776594,
  "validation_loss": 142.39841699475065,
  "best_validation_em": 0.02513733977026802,
  "best_validation_f1": 0.025303812219077744,
  "best_validation_loss": 142.1814304461942
}