{
  "best_epoch": 9,
  "peak_cpu_memory_MB": 8330.004,
  "peak_gpu_0_memory_MB": 4823,
  "training_duration": "08:55:34",
  "training_start_epoch": 0,
  "training_epochs": 9,
  "epoch": 9,
  "training_em": 0.3726500549434231,
  "training_f1": 0.414341718392676,
  "training_loss": 2.7391108821313237,
  "training_cpu_memory_MB": 8330.004,
  "training_gpu_0_memory_MB": 4537,
  "validation_em": 0.3915687919463087,
  "validation_f1": 0.4181658976510068,
  "validation_loss": 1585266.9989490837,
  "best_validation_em": 0.3915687919463087,
  "best_validation_f1": 0.4181658976510068,
  "best_validation_loss": 1585266.9989490837
}