{
  "best_epoch": 2,
  "peak_cpu_memory_MB": 8330.004,
  "peak_gpu_0_memory_MB": 4790,
  "training_duration": "02:43:38",
  "training_start_epoch": 0,
  "training_epochs": 2,
  "epoch": 2,
  "training_em": 0.2679011612366725,
  "training_f1": 0.3061443081583543,
  "training_loss": 3.3321396373780083,
  "training_cpu_memory_MB": 8330.004,
  "training_gpu_0_memory_MB": 4693,
  "validation_em": 0.30253775167785235,
  "validation_f1": 0.3289419043624166,
  "validation_loss": 1589406.375988067,
  "best_validation_em": 0.30253775167785235,
  "best_validation_f1": 0.3289419043624166,
  "best_validation_loss": 1589406.375988067
}