{
  "best_epoch": 0,
  "peak_cpu_memory_MB": 5976.744,
  "peak_gpu_0_memory_MB": 1540,
  "training_duration": "00:55:18",
  "training_start_epoch": 0,
  "training_epochs": 0,
  "epoch": 0,
  "training_em": 0.159053785156366,
  "training_f1": 0.19292551453773454,
  "training_loss": 4.237799679268706,
  "training_cpu_memory_MB": 5976.744,
  "training_gpu_0_memory_MB": 1540,
  "validation_em": 0.21665268456375839,
  "validation_f1": 0.24231229026845658,
  "validation_loss": 1586302.5028732088,
  "best_validation_em": 0.21665268456375839,
  "best_validation_f1": 0.24231229026845658,
  "best_validation_loss": 1586302.5028732088
}