{
  "best_epoch": 0,
  "peak_cpu_memory_MB": 5454.608,
  "peak_gpu_0_memory_MB": 825,
  "training_duration": "00:19:48",
  "training_start_epoch": 0,
  "training_epochs": 0,
  "epoch": 0,
  "training_em": 0.02172058733930421,
  "training_f1": 0.022500609273137157,
  "training_loss": 2.3282052588439894,
  "training_cpu_memory_MB": 5454.608,
  "training_gpu_0_memory_MB": 825,
  "validation_em": 0.026635906040268456,
  "validation_f1": 0.02683724832214765,
  "validation_loss": 1.6509965779568185,
  "best_validation_em": 0.026635906040268456,
  "best_validation_f1": 0.02683724832214765,
  "best_validation_loss": 1.6509965779568185
}