{
  "best_epoch": 2,
  "peak_cpu_memory_MB": 11108.74,
  "peak_gpu_0_memory_MB": 5935,
  "training_duration": "04:51:43",
  "training_start_epoch": 0,
  "training_epochs": 2,
  "epoch": 2,
  "training_em": 0.25013951411882884,
  "training_f1": 0.29010156627850747,
  "training_loss": 3.1389619223696896,
  "training_cpu_memory_MB": 11108.74,
  "training_gpu_0_memory_MB": 5935,
  "validation_em": 0.22378355704697986,
  "validation_f1": 0.2499234479865778,
  "validation_loss": 2298222.8167362465,
  "best_validation_em": 0.22378355704697986,
  "best_validation_f1": 0.2499234479865778,
  "best_validation_loss": 2298222.8167362465
}