{
  "best_epoch": 10,
  "peak_cpu_memory_MB": 8505.46,
  "peak_gpu_0_memory_MB": 155,
  "peak_gpu_1_memory_MB": 5973,
  "training_duration": "06:34:51",
  "training_start_epoch": 0,
  "training_epochs": 10,
  "epoch": 10,
  "training_em": 0.37287026850227467,
  "training_f1": 0.4144317742558863,
  "training_loss": 2.7651532905762184,
  "training_cpu_memory_MB": 8505.46,
  "training_gpu_0_memory_MB": 155,
  "training_gpu_1_memory_MB": 5973,
  "validation_em": 0.3999580536912752,
  "validation_f1": 0.4261944211409401,
  "validation_loss": 1572849.8317221226,
  "best_validation_em": 0.3999580536912752,
  "best_validation_f1": 0.4261944211409401,
  "best_validation_loss": 1572849.8317221226
}