{
  "best_epoch": 8,
  "peak_cpu_memory_MB": 8505.46,
  "peak_gpu_0_memory_MB": 155,
  "peak_gpu_1_memory_MB": 5973,
  "training_duration": "05:23:38",
  "training_start_epoch": 0,
  "training_epochs": 8,
  "epoch": 8,
  "training_em": 0.3533049864708156,
  "training_f1": 0.3940553358508464,
  "training_loss": 2.8663326708363814,
  "training_cpu_memory_MB": 8505.46,
  "training_gpu_0_memory_MB": 155,
  "training_gpu_1_memory_MB": 5973,
  "validation_em": 0.3847525167785235,
  "validation_f1": 0.41078649328859107,
  "validation_loss": 1570780.3284925253,
  "best_validation_em": 0.3847525167785235,
  "best_validation_f1": 0.41078649328859107,
  "best_validation_loss": 1570780.3284925253
}