{
  "best_epoch": 56,
  "best_validation_em": 0.5081795302013423,
  "best_validation_f1": 0.5375461409395974,
  "best_validation_loss": 1586301.6310366592,
  "peak_cpu_memory_MB": 9666.904,
  "peak_gpu_0_memory_MB": 9121,
  "peak_gpu_1_memory_MB": 10,
  "training_duration": "02:19:02",
  "training_start_epoch": 58,
  "training_epochs": 2,
  "epoch": 60,
  "training_em": 0.5424023484816097,
  "training_f1": 0.5891331423766851,
  "training_loss": 1.9283743025441624,
  "training_cpu_memory_MB": 9666.904,
  "training_gpu_0_memory_MB": 9121,
  "training_gpu_1_memory_MB": 10,
  "validation_em": 0.4120176174496644,
  "validation_f1": 0.4418141778523492,
  "validation_loss": 1586302.153564205
}