{
  "best_epoch": 56,
  "best_validation_em": 0.5081795302013423,
  "best_validation_f1": 0.5375461409395974,
  "best_validation_loss": 1586301.6310366592,
  "peak_cpu_memory_MB": 6863.712,
  "peak_gpu_0_memory_MB": 1197,
  "peak_gpu_1_memory_MB": 10,
  "training_duration": "00:48:48",
  "training_start_epoch": 58,
  "training_epochs": 0,
  "epoch": 58,
  "training_em": 0.5472760178416199,
  "training_f1": 0.5943388482749656,
  "training_loss": 1.891165922686766,
  "training_cpu_memory_MB": 6863.712,
  "training_gpu_0_memory_MB": 1197,
  "training_gpu_1_memory_MB": 10,
  "validation_em": 0.023175335570469798,
  "validation_f1": 0.05634647651006707,
  "validation_loss": 1583204.3376874584
}