{
  "best_epoch": 56,
  "best_validation_em": 0.5081795302013423,
  "best_validation_f1": 0.5375461409395974,
  "best_validation_loss": 1586301.6310366592,
  "peak_cpu_memory_MB": 9667.636,
  "peak_gpu_0_memory_MB": 9123,
  "peak_gpu_1_memory_MB": 10,
  "training_duration": "03:04:22",
  "training_start_epoch": 58,
  "training_epochs": 3,
  "epoch": 61,
  "training_em": 0.5418465791686261,
  "training_f1": 0.5878228093426147,
  "training_loss": 1.9383595659222344,
  "training_cpu_memory_MB": 9667.636,
  "training_gpu_0_memory_MB": 9123,
  "training_gpu_1_memory_MB": 10,
  "validation_em": 0.46078020134228187,
  "validation_f1": 0.4896130453020135,
  "validation_loss": 1588371.4776790882
}