{
  "best_epoch": 45,
  "best_validation_em": 0.4989513422818792,
  "best_validation_f1": 0.5288349412751682,
  "best_validation_loss": 1586301.5577690767,
  "peak_cpu_memory_MB": 9671.568,
  "peak_gpu_0_memory_MB": 9109,
  "peak_gpu_1_memory_MB": 10,
  "training_duration": "02:21:35",
  "training_start_epoch": 46,
  "training_epochs": 2,
  "epoch": 48,
  "training_em": 0.5328402661992504,
  "training_f1": 0.5794322602710322,
  "training_loss": 1.9812464060129398,
  "training_cpu_memory_MB": 9671.568,
  "training_gpu_0_memory_MB": 9109,
  "training_gpu_1_memory_MB": 10,
  "validation_em": 0.40761325503355705,
  "validation_f1": 0.4358127097315439,
  "validation_loss": 1586302.082038163
}