{
  "best_epoch": 7,
  "peak_cpu_memory_MB": 9671.256,
  "peak_gpu_0_memory_MB": 9125,
  "peak_gpu_1_memory_MB": 10,
  "training_duration": "06:03:52",
  "training_start_epoch": 0,
  "training_epochs": 7,
  "epoch": 7,
  "training_em": 0.3530702691918544,
  "training_f1": 0.3934188363045542,
  "training_loss": 2.94511570484385,
  "training_cpu_memory_MB": 9671.256,
  "training_gpu_0_memory_MB": 9125,
  "training_gpu_1_memory_MB": 10,
  "validation_em": 0.3838087248322148,
  "validation_f1": 0.4145197147651012,
  "validation_loss": 1584232.2576722535,
  "best_validation_em": 0.3838087248322148,
  "best_validation_f1": 0.4145197147651012,
  "best_validation_loss": 1584232.2576722535
}