{
  "best_epoch": 26,
  "best_validation_em": 0.4631921140939597,
  "best_validation_f1": 0.4903859060402688,
  "best_validation_loss": 1587336.4155927177,
  "peak_cpu_memory_MB": 9666.196,
  "peak_gpu_0_memory_MB": 9123,
  "peak_gpu_1_memory_MB": 10,
  "training_duration": "03:47:00",
  "training_start_epoch": 22,
  "training_epochs": 4,
  "epoch": 26,
  "training_em": 0.47619454776053466,
  "training_f1": 0.5211591352799394,
  "training_loss": 2.260491701092782,
  "training_cpu_memory_MB": 9666.196,
  "training_gpu_0_memory_MB": 9123,
  "training_gpu_1_memory_MB": 10,
  "validation_em": 0.4631921140939597,
  "validation_f1": 0.4903859060402688,
  "validation_loss": 1587336.4155927177
}