{
  "best_epoch": 34,
  "best_validation_em": 0.4851090604026846,
  "best_validation_f1": 0.5155148909395978,
  "best_validation_loss": 1589405.8533109,
  "peak_cpu_memory_MB": 9669.864,
  "peak_gpu_0_memory_MB": 9111,
  "peak_gpu_1_memory_MB": 10,
  "training_duration": "03:54:17",
  "training_start_epoch": 35,
  "training_epochs": 4,
  "epoch": 39,
  "training_em": 0.5026007153748593,
  "training_f1": 0.5481498582075632,
  "training_loss": 2.1573226231307085,
  "training_cpu_memory_MB": 9669.864,
  "training_gpu_0_memory_MB": 9111,
  "training_gpu_1_memory_MB": 10,
  "validation_em": 0.48091442953020136,
  "validation_f1": 0.5096958892617455,
  "validation_loss": 1587336.4289855168
}