{
  "best_epoch": 53,
  "best_validation_em": 0.5049286912751678,
  "best_validation_f1": 0.5337783137583897,
  "best_validation_loss": 1584232.1508604232,
  "peak_cpu_memory_MB": 9673.088,
  "peak_gpu_0_memory_MB": 9115,
  "peak_gpu_1_memory_MB": 10,
  "training_duration": "06:10:58",
  "training_start_epoch": 46,
  "training_epochs": 7,
  "epoch": 53,
  "training_em": 0.5339090533396036,
  "training_f1": 0.5806776110469724,
  "training_loss": 1.9792443500927286,
  "training_cpu_memory_MB": 9673.088,
  "training_gpu_0_memory_MB": 9115,
  "training_gpu_1_memory_MB": 10,
  "validation_em": 0.5049286912751678,
  "validation_f1": 0.5337783137583897,
  "validation_loss": 1584232.1508604232
}