{
  "best_epoch": 34,
  "best_validation_em": 0.4851090604026846,
  "best_validation_f1": 0.5155148909395978,
  "best_validation_loss": 1589405.8533109,
  "peak_cpu_memory_MB": 9661.396,
  "peak_gpu_0_memory_MB": 9109,
  "peak_gpu_1_memory_MB": 10,
  "training_duration": "01:35:52",
  "training_start_epoch": 35,
  "training_epochs": 1,
  "epoch": 36,
  "training_em": 0.49620224302794524,
  "training_f1": 0.5427343850198678,
  "training_loss": 2.179486877844073,
  "training_cpu_memory_MB": 9661.396,
  "training_gpu_0_memory_MB": 9109,
  "training_gpu_1_memory_MB": 10,
  "validation_em": 0.23531879194630873,
  "validation_f1": 0.26482802013422824,
  "validation_loss": 1586303.1758216056
}