{
  "best_epoch": 5,
  "peak_cpu_memory_MB": 8355.468,
  "peak_gpu_0_memory_MB": 4390,
  "training_duration": "05:40:11",
  "training_start_epoch": 0,
  "training_epochs": 5,
  "epoch": 5,
  "training_em": 0.33058785049507894,
  "training_f1": 0.37016948648567927,
  "training_loss": 2.9823960310836353,
  "training_cpu_memory_MB": 8355.468,
  "training_gpu_0_memory_MB": 4390,
  "validation_em": 0.36776426174496646,
  "validation_f1": 0.39516883389261825,
  "validation_loss": 1571815.0951177296,
  "best_validation_em": 0.36776426174496646,
  "best_validation_f1": 0.39516883389261825,
  "best_validation_loss": 1571815.0951177296
}