{
  "best_epoch": 1,
  "peak_cpu_memory_MB": 7247.64,
  "peak_gpu_0_memory_MB": 4098,
  "training_duration": "00:35:17",
  "training_start_epoch": 0,
  "training_epochs": 1,
  "epoch": 1,
  "training_em": 0.19551574971059527,
  "training_f1": 0.22925074635959497,
  "training_loss": 3.840279667895823,
  "training_cpu_memory_MB": 7247.64,
  "training_gpu_0_memory_MB": 4098,
  "validation_em": 0.14899284168470117,
  "validation_f1": 0.15057100049941732,
  "validation_loss": 3023295.8746555923,
  "best_validation_em": 0.14899284168470117,
  "best_validation_f1": 0.15057100049941732,
  "best_validation_loss": 3023295.8746555923
}