{
  "best_epoch": 0,
  "peak_cpu_memory_MB": 5319.512,
  "peak_gpu_0_memory_MB": 802,
  "training_duration": "00:18:51",
  "training_start_epoch": 0,
  "training_epochs": 0,
  "epoch": 0,
  "training_em": 0.1466977395966612,
  "training_f1": 0.17929370011576315,
  "training_loss": 4.424601183968591,
  "training_cpu_memory_MB": 5319.512,
  "training_gpu_0_memory_MB": 802,
  "validation_em": 0.11386715498584984,
  "validation_f1": 0.11504910937239887,
  "validation_loss": 3018374.8397576627,
  "best_validation_em": 0.11386715498584984,
  "best_validation_f1": 0.11504910937239887,
  "best_validation_loss": 3018374.8397576627
}