{
  "best_epoch": 3,
  "peak_cpu_memory_MB": 8362.624,
  "peak_gpu_0_memory_MB": 6036,
  "training_duration": "05:02:00",
  "training_start_epoch": 0,
  "training_epochs": 3,
  "epoch": 3,
  "training_em": 0.2755939460616693,
  "training_f1": 0.31338274211292977,
  "training_loss": 3.2964111765785398,
  "training_cpu_memory_MB": 8362.624,
  "training_gpu_0_memory_MB": 5928,
  "validation_em": 0.30484479865771813,
  "validation_f1": 0.33076866610738276,
  "validation_loss": 1570780.5622685922,
  "best_validation_em": 0.30484479865771813,
  "best_validation_f1": 0.33076866610738276,
  "best_validation_loss": 1570780.5622685922
}