{
  "best_epoch": 20,
  "best_validation_em": 0.4344588926174497,
  "best_validation_f1": 0.4630306208053696,
  "best_validation_loss": 1573884.5474142046,
  "peak_cpu_memory_MB": 8356.716,
  "peak_gpu_0_memory_MB": 5904,
  "training_duration": "02:30:21",
  "training_start_epoch": 25,
  "training_epochs": 1,
  "epoch": 26,
  "training_em": 0.46665279058011955,
  "training_f1": 0.5115979304807949,
  "training_loss": 2.195441151847582,
  "training_cpu_memory_MB": 8356.716,
  "training_gpu_0_memory_MB": 5904,
  "validation_em": 0.21109479865771813,
  "validation_f1": 0.24828125000000048,
  "validation_loss": 1573886.3871172054
}