{
  "best_epoch": 20,
  "best_validation_em": 0.4344588926174497,
  "best_validation_f1": 0.4630306208053696,
  "best_validation_loss": 1573884.5474142046,
  "peak_cpu_memory_MB": 8364.244,
  "peak_gpu_0_memory_MB": 5904,
  "training_duration": "03:43:49",
  "training_start_epoch": 25,
  "training_epochs": 2,
  "epoch": 27,
  "training_em": 0.46198447860604797,
  "training_f1": 0.5060713329963348,
  "training_loss": 2.232773701349894,
  "training_cpu_memory_MB": 8364.244,
  "training_gpu_0_memory_MB": 5904,
  "validation_em": 0.35497063758389263,
  "validation_f1": 0.382312290268457,
  "validation_loss": 1571815.4110241046
}