{
  "best_epoch": 5,
  "peak_cpu_memory_MB": 8363.32,
  "peak_gpu_0_memory_MB": 6036,
  "training_duration": "07:29:16",
  "training_start_epoch": 0,
  "training_epochs": 5,
  "epoch": 5,
  "training_em": 0.31830751390086526,
  "training_f1": 0.35814694775653094,
  "training_loss": 3.0621049622974486,
  "training_cpu_memory_MB": 8363.32,
  "training_gpu_0_memory_MB": 5947,
  "validation_em": 0.3487835570469799,
  "validation_f1": 0.37452076342281937,
  "validation_loss": 1571815.1898078655,
  "best_validation_em": 0.3487835570469799,
  "best_validation_f1": 0.37452076342281937,
  "best_validation_loss": 1571815.1898078655
}