{
  "best_epoch": 13,
  "best_validation_em": 0.4121224832214765,
  "best_validation_f1": 0.439503984899329,
  "best_validation_loss": 1571815.0365462243,
  "peak_cpu_memory_MB": 8357.584,
  "peak_gpu_0_memory_MB": 5906,
  "training_duration": "03:45:45",
  "training_start_epoch": 14,
  "training_epochs": 2,
  "epoch": 16,
  "training_em": 0.4054741161428444,
  "training_f1": 0.4488510600338913,
  "training_loss": 2.5484995174575857,
  "training_cpu_memory_MB": 8357.584,
  "training_gpu_0_memory_MB": 5906,
  "validation_em": 0.39681208053691275,
  "validation_f1": 0.424630872483222,
  "validation_loss": 1571815.1070457862
}