{
  "best_epoch": 12,
  "peak_cpu_memory_MB": 8363.564,
  "peak_gpu_0_memory_MB": 6036,
  "training_duration": "16:05:00",
  "training_start_epoch": 0,
  "training_epochs": 12,
  "epoch": 12,
  "training_em": 0.3837976866581428,
  "training_f1": 0.4265210668728179,
  "training_loss": 2.6779711253976037,
  "training_cpu_memory_MB": 8363.564,
  "training_gpu_0_memory_MB": 5985,
  "validation_em": 0.40813758389261745,
  "validation_f1": 0.434988464765101,
  "validation_loss": 1572849.8391088124,
  "best_validation_em": 0.40813758389261745,
  "best_validation_f1": 0.434988464765101,
  "best_validation_loss": 1572849.8391088124
}