{
  "best_epoch": 0,
  "peak_cpu_memory_MB": 6429.82,
  "peak_gpu_0_memory_MB": 1290,
  "training_duration": "01:17:13",
  "training_start_epoch": 0,
  "training_epochs": 0,
  "epoch": 0,
  "training_em": 0.15519907228449942,
  "training_f1": 0.19006571318129215,
  "training_loss": 4.329506376203796,
  "training_cpu_memory_MB": 6429.82,
  "training_gpu_0_memory_MB": 1290,
  "validation_em": 0.20920721476510068,
  "validation_f1": 0.23824244966442953,
  "validation_loss": 1573885.3840663398,
  "best_validation_em": 0.20920721476510068,
  "best_validation_f1": 0.23824244966442953,
  "best_validation_loss": 1573885.3840663398
}