{
  "best_epoch": 29,
  "best_validation_em": 0.4391778523489933,
  "best_validation_f1": 0.46567323825503404,
  "best_validation_loss": 1573884.594672868,
  "peak_cpu_memory_MB": 8364.7,
  "peak_gpu_0_memory_MB": 5904,
  "training_duration": "06:10:40",
  "training_start_epoch": 25,
  "training_epochs": 4,
  "epoch": 29,
  "training_em": 0.45486307276025095,
  "training_f1": 0.499807023282082,
  "training_loss": 2.301287361223933,
  "training_cpu_memory_MB": 8364.7,
  "training_gpu_0_memory_MB": 5904,
  "validation_em": 0.4391778523489933,
  "validation_f1": 0.46567323825503404,
  "validation_loss": 1573884.594672868
}